symbol,cycle_idx,opened_at,closed_at,closed,n_trades,n_positive_sells,actual_pnl_usd,cf_N2_pnl_usd,cf_N2_triggered,cf_N2_delta_usd,cf_N3_pnl_usd,cf_N3_triggered,cf_N3_delta_usd,cf_N4_pnl_usd,cf_N4_triggered,cf_N4_delta_usd,cf_N5_pnl_usd,cf_N5_triggered,cf_N5_delta_usd,cf_N6_pnl_usd,cf_N6_triggered,cf_N6_delta_usd
ORDI/USDT,0,2026-04-15T20:32:56.636474+00:00,2026-04-16T06:34:20.164679+00:00,True,2,1,3.4655,3.4655,False,0.0,3.4655,False,0.0,3.4655,False,0.0,3.4655,False,0.0,3.4655,False,0.0
ORDI/USDT,1,2026-04-16T06:42:23.370457+00:00,2026-04-16T07:00:29.634754+00:00,True,2,1,0.0855,0.0855,False,0.0,0.0855,False,0.0,0.0855,False,0.0,0.0855,False,0.0,0.0855,False,0.0
BIO/USDT,0,2026-04-15T20:32:57.036293+00:00,2026-04-16T06:34:20.163415+00:00,True,2,1,5.3418,5.3418,False,0.0,5.3418,False,0.0,5.3418,False,0.0,5.3418,False,0.0,5.3418,False,0.0
BIO/USDT,1,2026-04-16T07:23:37.19714+00:00,2026-04-16T07:27:39.038187+00:00,True,2,1,0.0816,0.0816,False,0.0,0.0816,False,0.0,0.0816,False,0.0,0.0816,False,0.0,0.0816,False,0.0
BIO/USDT,2,2026-04-16T08:00:50.278902+00:00,2026-04-16T11:13:55.129727+00:00,True,8,4,0.3734,0.2535,True,-0.1199,0.3734,True,-0.0,0.3734,True,0.0,0.3734,False,0.0,0.3734,False,0.0
AXL/USDT,0,2026-04-16T11:19:30.33796+00:00,2026-04-16T11:23:31.586857+00:00,True,2,1,0.3541,0.3541,False,0.0,0.3541,False,0.0,0.3541,False,0.0,0.3541,False,0.0,0.3541,False,0.0
AXL/USDT,1,2026-04-16T11:51:40.714882+00:00,2026-04-16T12:08:46.693724+00:00,True,2,1,0.1453,0.1453,False,0.0,0.1453,False,0.0,0.1453,False,0.0,0.1453,False,0.0,0.1453,False,0.0
AXL/USDT,2,2026-04-16T12:34:54.927169+00:00,2026-04-16T14:55:36.384787+00:00,True,6,3,0.427,0.4912,True,0.0641,0.427,True,-0.0,0.427,False,-0.0,0.427,False,-0.0,0.427,False,-0.0
AXL/USDT,3,2026-04-16T15:05:40.574283+00:00,2026-04-16T15:07:41.483445+00:00,True,2,1,0.2712,0.2712,False,0.0,0.2712,False,0.0,0.2712,False,0.0,0.2712,False,0.0,0.2712,False,0.0
AXL/USDT,4,2026-04-16T15:35:51.246973+00:00,2026-04-16T16:16:05.653919+00:00,True,4,2,0.3199,0.3199,True,0.0,0.3199,False,0.0,0.3199,False,0.0,0.3199,False,0.0,0.3199,False,0.0
AXL/USDT,5,2026-04-16T17:11:23.751035+00:00,2026-04-16T17:44:35.567934+00:00,True,2,1,0.1489,0.1489,False,0.0,0.1489,False,0.0,0.1489,False,0.0,0.1489,False,0.0,0.1489,False,0.0
AXL/USDT,6,2026-04-16T17:57:40.132059+00:00,2026-04-16T18:27:50.392841+00:00,True,2,1,0.1495,0.1495,False,0.0,0.1495,False,0.0,0.1495,False,0.0,0.1495,False,0.0,0.1495,False,0.0
AXL/USDT,7,2026-04-16T20:32:32.178135+00:00,2026-04-16T21:26:50.359258+00:00,True,2,1,0.1506,0.1506,False,0.0,0.1506,False,0.0,0.1506,False,0.0,0.1506,False,0.0,0.1506,False,0.0
AXL/USDT,8,2026-04-17T08:26:36.185333+00:00,2026-04-17T08:57:46.870167+00:00,True,2,1,0.1509,0.1509,False,0.0,0.1509,False,0.0,0.1509,False,0.0,0.1509,False,0.0,0.1509,False,0.0
AXL/USDT,9,2026-04-17T09:56:07.059114+00:00,2026-04-17T10:40:51.437244+00:00,True,3,0,-0.3199,-0.3199,False,0.0,-0.3199,False,0.0,-0.3199,False,0.0,-0.3199,False,0.0,-0.3199,False,0.0
MBOX/USDT,0,2026-04-16T11:19:30.50271+00:00,2026-04-16T11:20:31.040285+00:00,True,2,1,0.3225,0.3225,False,0.0,0.3225,False,0.0,0.3225,False,0.0,0.3225,False,0.0,0.3225,False,0.0
MBOX/USDT,1,2026-04-16T11:49:40.013296+00:00,2026-04-16T11:56:42.63167+00:00,True,2,1,0.2769,0.2769,False,0.0,0.2769,False,0.0,0.2769,False,0.0,0.2769,False,0.0,0.2769,False,0.0
MBOX/USDT,2,2026-04-16T12:19:50.092027+00:00,2026-04-16T12:20:50.822351+00:00,True,2,1,0.2097,0.2097,False,0.0,0.2097,False,0.0,0.2097,False,0.0,0.2097,False,0.0,0.2097,False,0.0
MBOX/USDT,3,2026-04-16T12:50:00.936752+00:00,2026-04-16T12:55:58.877867+00:00,True,4,2,0.4309,0.4309,True,0.0,0.4309,False,0.0,0.4309,False,0.0,0.4309,False,0.0,0.4309,False,0.0
MBOX/USDT,4,2026-04-16T13:23:07.489221+00:00,2026-04-16T13:30:10.122343+00:00,True,2,1,0.214,0.214,False,0.0,0.214,False,0.0,0.214,False,0.0,0.214,False,0.0,0.214,False,0.0
MBOX/USDT,5,2026-04-16T14:00:21.216785+00:00,2026-04-17T10:52:06.663483+00:00,True,18,9,1.6415,0.1987,True,-1.4429,0.3621,True,-1.2794,0.687,True,-0.9545,0.9371,True,-0.7045,0.8025,True,-0.839
MOVR/USDT,0,2026-04-17T10:36:50.8089+00:00,2026-04-17T13:21:52.769954+00:00,True,4,2,2.1857,2.1857,True,0.0,2.1857,False,0.0,2.1857,False,0.0,2.1857,False,0.0,2.1857,False,0.0
MOVR/USDT,1,2026-04-17T13:22:53.943245+00:00,2026-04-17T13:46:02.496989+00:00,True,2,1,1.4606,1.4606,False,0.0,1.4606,False,0.0,1.4606,False,0.0,1.4606,False,0.0,1.4606,False,0.0
MOVR/USDT,2,2026-04-17T14:11:11.621453+00:00,2026-04-17T14:35:19.830461+00:00,True,2,1,1.0575,1.0575,False,0.0,1.0575,False,0.0,1.0575,False,0.0,1.0575,False,0.0,1.0575,False,0.0
MOVR/USDT,3,2026-04-17T14:41:22.942484+00:00,2026-04-18T06:43:59.800997+00:00,True,8,0,-16.9363,-16.9363,False,0.0,-16.9363,False,0.0,-16.9363,False,0.0,-16.9363,False,0.0,-16.9363,False,0.0
MOVR/USDT,4,2026-04-18T06:44:29.526281+00:00,2026-04-18T07:00:55.779905+00:00,True,3,0,-1.1536,-1.1536,False,0.0,-1.1536,False,0.0,-1.1536,False,0.0,-1.1536,False,0.0,-1.1536,False,0.0
TST/USDT,0,2026-04-17T10:53:06.727226+00:00,2026-04-19T11:28:52.302649+00:00,True,23,7,-2.361,1.8096,True,4.1706,2.4343,True,4.7953,0.8833,True,3.2443,2.7751,True,5.1361,1.5797,True,3.9407
HIGH/USDT,0,2026-04-18T07:13:37.083113+00:00,2026-04-18T07:19:39.419161+00:00,True,2,1,0.9987,0.9987,False,0.0,0.9987,False,0.0,0.9987,False,0.0,0.9987,False,0.0,0.9987,False,0.0
HIGH/USDT,1,2026-04-18T07:51:51.385659+00:00,2026-04-18T08:14:59.405167+00:00,True,2,1,0.8574,0.8574,False,0.0,0.8574,False,0.0,0.8574,False,0.0,0.8574,False,0.0,0.8574,False,0.0
HIGH/USDT,2,2026-04-18T08:22:02.523814+00:00,2026-04-18T09:13:21.487612+00:00,True,4,2,1.8805,1.8805,True,0.0,1.8805,False,0.0,1.8805,False,0.0,1.8805,False,0.0,1.8805,False,0.0
HIGH/USDT,3,2026-04-18T09:22:25.406341+00:00,2026-04-18T09:26:27.141+00:00,True,2,1,0.7074,0.7074,False,0.0,0.7074,False,0.0,0.7074,False,0.0,0.7074,False,0.0,0.7074,False,0.0
HIGH/USDT,4,2026-04-18T10:12:43.371837+00:00,2026-04-18T12:26:31.349754+00:00,True,10,1,-3.9815,-3.9815,False,0.0,-3.9815,False,0.0,-3.9815,False,0.0,-3.9815,False,0.0,-3.9815,False,0.0
HIGH/USDT,5,2026-04-18T12:26:31.749781+00:00,2026-04-18T12:26:31.749781+00:00,True,1,0,0.0,0.0,False,0.0,0.0,False,0.0,0.0,False,0.0,0.0,False,0.0,0.0,False,0.0
API3/USDT,0,2026-04-18T12:47:17.550248+00:00,2026-04-19T00:46:39.261336+00:00,True,13,5,3.4043,2.0759,True,-1.3284,3.5644,True,0.16,4.1585,True,0.7542,3.4043,True,0.0,3.4043,False,0.0
PHB/USDT,0,2026-04-19T00:45:27.654443+00:00,,False,33,10,1.0145,,,,,,,,,,,,,,,
BLUR/USDT,0,2026-04-19T11:25:16.759168+00:00,2026-04-19T14:47:30.362723+00:00,True,6,3,2.6359,2.6024,True,-0.0335,2.6359,True,0.0,2.6359,False,0.0,2.6359,False,0.0,2.6359,False,0.0
BLUR/USDT,1,2026-04-19T15:19:42.55866+00:00,2026-04-19T20:10:27.350863+00:00,True,6,3,1.5986,1.4906,True,-0.108,1.5986,True,0.0,1.5986,False,0.0,1.5986,False,0.0,1.5986,False,0.0
BLUR/USDT,2,2026-04-19T21:10:47.981431+00:00,2026-04-20T07:08:14.674473+00:00,True,8,0,-5.4008,-5.4008,False,0.0,-5.4008,False,0.0,-5.4008,False,0.0,-5.4008,False,0.0,-5.4008,False,0.0
BOME/USDT,0,2026-04-19T16:00:58.483808+00:00,2026-04-19T16:22:05.743013+00:00,True,2,0,-2.4605,-2.4605,False,0.0,-2.4605,False,0.0,-2.4605,False,0.0,-2.4605,False,0.0,-2.4605,False,0.0
TRX/USDT,0,2026-04-19T17:01:23.87029+00:00,2026-04-20T03:07:50.728673+00:00,True,2,0,-0.0867,-0.0867,False,0.0,-0.0867,False,0.0,-0.0867,False,0.0,-0.0867,False,0.0,-0.0867,False,0.0
SPK/USDT,0,2026-04-20T03:06:20.473622+00:00,2026-04-20T03:54:37.29257+00:00,True,2,1,0.6082,0.6082,False,0.0,0.6082,False,0.0,0.6082,False,0.0,0.6082,False,0.0,0.6082,False,0.0
SPK/USDT,1,2026-04-20T04:54:58.968413+00:00,2026-04-20T07:42:56.821965+00:00,True,8,0,-1.8254,-1.8254,False,0.0,-1.8254,False,0.0,-1.8254,False,0.0,-1.8254,False,0.0,-1.8254,False,0.0
SPK/USDT,2,2026-04-23T00:45:39.853332+00:00,2026-04-23T01:20:53.605427+00:00,True,2,0,-1.472,-1.472,False,0.0,-1.472,False,0.0,-1.472,False,0.0,-1.472,False,0.0,-1.472,False,0.0
SPK/USDT,3,2026-04-23T01:46:27.208055+00:00,2026-04-23T02:20:40.282883+00:00,True,2,1,5.9021,5.9021,False,0.0,5.9021,False,0.0,5.9021,False,0.0,5.9021,False,0.0,5.9021,False,0.0
SPK/USDT,4,2026-04-23T02:46:48.968143+00:00,2026-04-23T02:50:51.634557+00:00,True,2,0,-1.8335,-1.8335,False,0.0,-1.8335,False,0.0,-1.8335,False,0.0,-1.8335,False,0.0,-1.8335,False,0.0
SPK/USDT,5,2026-04-23T03:47:13.805412+00:00,2026-04-23T03:53:17.253076+00:00,True,2,0,-1.4161,-1.4161,False,0.0,-1.4161,False,0.0,-1.4161,False,0.0,-1.4161,False,0.0,-1.4161,False,0.0
SPK/USDT,6,2026-04-23T04:47:41.361611+00:00,2026-04-23T05:10:51.911755+00:00,True,2,1,4.3568,4.3568,False,0.0,4.3568,False,0.0,4.3568,False,0.0,4.3568,False,0.0,4.3568,False,0.0
SPK/USDT,7,2026-04-23T05:17:55.998745+00:00,2026-04-23T06:11:15.022796+00:00,True,2,1,0.3327,0.3327,False,0.0,0.3327,False,0.0,0.3327,False,0.0,0.3327,False,0.0,0.3327,False,0.0
SPK/USDT,8,2026-04-23T06:27:21.413798+00:00,2026-04-23T07:01:35.017554+00:00,True,2,1,0.0978,0.0978,False,0.0,0.0978,False,0.0,0.0978,False,0.0,0.0978,False,0.0,0.0978,False,0.0
SPK/USDT,9,2026-04-23T08:01:57.864973+00:00,2026-04-23T09:23:28.702714+00:00,True,4,2,0.1838,0.1838,True,0.0,0.1838,False,0.0,0.1838,False,0.0,0.1838,False,0.0,0.1838,False,0.0
SPK/USDT,10,2026-04-23T09:47:38.064294+00:00,2026-04-23T09:50:39.838042+00:00,True,2,1,0.085,0.085,False,0.0,0.085,False,0.0,0.085,False,0.0,0.085,False,0.0,0.085,False,0.0
SPK/USDT,11,2026-04-23T10:51:01.902052+00:00,2026-04-23T11:00:24.042282+00:00,True,2,1,0.0916,0.0916,False,0.0,0.0916,False,0.0,0.0916,False,0.0,0.0916,False,0.0,0.0916,False,0.0
SPK/USDT,12,2026-04-23T11:03:25.63154+00:00,2026-04-23T11:05:26.613967+00:00,True,2,1,0.0553,0.0553,False,0.0,0.0553,False,0.0,0.0553,False,0.0,0.0553,False,0.0,0.0553,False,0.0
SPK/USDT,13,2026-04-23T11:26:22.03096+00:00,2026-04-23T12:51:55.102148+00:00,True,6,1,-0.8806,-0.8806,False,-0.0,-0.8806,False,-0.0,-0.8806,False,-0.0,-0.8806,False,-0.0,-0.8806,False,-0.0
SPK/USDT,14,2026-04-23T13:15:10.572999+00:00,2026-04-23T13:54:25.847247+00:00,True,2,0,-0.9677,-0.9677,False,0.0,-0.9677,False,0.0,-0.9677,False,0.0,-0.9677,False,0.0,-0.9677,False,0.0
SPK/USDT,15,2026-04-23T14:15:36.898702+00:00,2026-04-23T16:01:36.879912+00:00,True,2,0,-1.2419,-1.2419,False,0.0,-1.2419,False,0.0,-1.2419,False,0.0,-1.2419,False,0.0,-1.2419,False,0.0
SPK/USDT,16,2026-04-23T16:51:13.264465+00:00,2026-04-23T17:47:34.964401+00:00,True,2,0,-0.9211,-0.9211,False,0.0,-0.9211,False,0.0,-0.9211,False,0.0,-0.9211,False,0.0,-0.9211,False,0.0
SPK/USDT,17,2026-04-23T17:51:39.698028+00:00,2026-04-23T20:18:36.701073+00:00,True,2,1,0.4401,0.4401,False,0.0,0.4401,False,0.0,0.4401,False,0.0,0.4401,False,0.0,0.4401,False,0.0
SPK/USDT,18,2026-04-23T21:18:47.896186+00:00,2026-04-23T22:45:51.573677+00:00,True,2,1,0.0988,0.0988,False,0.0,0.0988,False,0.0,0.0988,False,0.0,0.0988,False,0.0,0.0988,False,0.0
SPK/USDT,19,2026-04-23T23:53:17.687806+00:00,2026-04-24T01:49:56.61099+00:00,True,4,2,0.2292,0.2292,True,0.0,0.2292,False,0.0,0.2292,False,0.0,0.2292,False,0.0,0.2292,False,0.0
SPK/USDT,20,2026-04-24T01:51:58.327854+00:00,2026-04-24T03:32:00.038375+00:00,True,6,0,-1.4565,-1.4565,False,0.0,-1.4565,False,0.0,-1.4565,False,0.0,-1.4565,False,0.0,-1.4565,False,0.0
CFG/USDT,0,2026-04-20T08:08:42.507133+00:00,2026-04-20T12:59:25.58202+00:00,True,8,0,-1.3467,-1.3467,False,0.0,-1.3467,False,0.0,-1.3467,False,0.0,-1.3467,False,0.0,-1.3467,False,0.0
SUPER/USDT,0,2026-04-20T08:08:42.538312+00:00,2026-04-20T15:04:00.390112+00:00,True,8,1,-0.7548,-0.7548,False,0.0,-0.7548,False,0.0,-0.7548,False,0.0,-0.7548,False,0.0,-0.7548,False,0.0
GUN/USDT,0,2026-04-20T13:58:44.222474+00:00,2026-04-20T14:40:02.309265+00:00,True,4,2,1.9217,1.9217,True,0.0,1.9217,False,0.0,1.9217,False,0.0,1.9217,False,0.0,1.9217,False,0.0
GUN/USDT,1,2026-04-20T15:40:11.445071+00:00,2026-04-20T17:01:42.79643+00:00,True,2,1,0.5519,0.5519,False,0.0,0.5519,False,0.0,0.5519,False,0.0,0.5519,False,0.0,0.5519,False,0.0
GUN/USDT,2,2026-04-20T18:02:40.307443+00:00,2026-04-20T19:01:58.688377+00:00,True,2,1,0.4353,0.4353,False,0.0,0.4353,False,0.0,0.4353,False,0.0,0.4353,False,0.0,0.4353,False,0.0
GUN/USDT,3,2026-04-20T20:02:19.459358+00:00,2026-04-20T21:09:45.480434+00:00,True,6,0,-1.2745,-1.2745,False,0.0,-1.2745,False,0.0,-1.2745,False,0.0,-1.2745,False,0.0,-1.2745,False,0.0
GUN/USDT,4,2026-04-21T06:36:19.868476+00:00,2026-04-21T07:56:46.15816+00:00,True,2,0,-1.335,-1.335,False,0.0,-1.335,False,0.0,-1.335,False,0.0,-1.335,False,0.0,-1.335,False,0.0
CHZ/USDT,0,2026-04-20T16:02:21.341078+00:00,2026-04-20T18:04:40.785925+00:00,True,2,1,1.3812,1.3812,False,0.0,1.3812,False,0.0,1.3812,False,0.0,1.3812,False,0.0,1.3812,False,0.0
CHZ/USDT,1,2026-04-20T19:05:00.179983+00:00,2026-04-21T12:06:30.949207+00:00,True,4,2,0.5832,0.5832,True,0.0,0.5832,False,0.0,0.5832,False,0.0,0.5832,False,0.0,0.5832,False,0.0
CHZ/USDT,2,2026-04-21T12:23:37.751231+00:00,2026-04-22T01:58:07.460007+00:00,True,8,3,0.3392,0.6593,True,0.3201,0.3392,True,0.0,0.3392,False,0.0,0.3392,False,0.0,0.3392,False,0.0
EDU/USDT,0,2026-04-20T22:07:23.487034+00:00,2026-04-20T22:54:39.426364+00:00,True,2,0,-1.359,-1.359,False,0.0,-1.359,False,0.0,-1.359,False,0.0,-1.359,False,0.0,-1.359,False,0.0
EDU/USDT,1,2026-04-20T23:08:12.469548+00:00,2026-04-20T23:53:27.562962+00:00,True,2,1,3.769,3.769,False,0.0,3.769,False,0.0,3.769,False,0.0,3.769,False,0.0,3.769,False,0.0
EDU/USDT,2,2026-04-21T00:07:32.961484+00:00,2026-04-21T00:51:47.978298+00:00,True,2,1,0.93,0.93,False,0.0,0.93,False,0.0,0.93,False,0.0,0.93,False,0.0,0.93,False,0.0
EDU/USDT,3,2026-04-21T01:52:10.406592+00:00,2026-04-21T10:45:02.312786+00:00,True,4,0,-1.8537,-1.8537,False,0.0,-1.8537,False,0.0,-1.8537,False,0.0,-1.8537,False,0.0,-1.8537,False,0.0
XLM/USDT,0,2026-04-21T08:37:07.776983+00:00,2026-04-22T03:57:19.937002+00:00,True,2,0,-0.2505,-0.2505,False,0.0,-0.2505,False,0.0,-0.2505,False,0.0,-0.2505,False,0.0,-0.2505,False,0.0
MET/USDT,0,2026-04-22T01:53:03.371813+00:00,2026-04-22T02:52:24.620548+00:00,True,2,0,-5.4214,-5.4214,False,0.0,-5.4214,False,0.0,-5.4214,False,0.0,-5.4214,False,0.0,-5.4214,False,0.0
MET/USDT,1,2026-04-22T03:53:54.303232+00:00,2026-04-22T04:24:05.326902+00:00,True,2,1,0.9644,0.9644,False,0.0,0.9644,False,0.0,0.9644,False,0.0,0.9644,False,0.0,0.9644,False,0.0
MET/USDT,2,2026-04-22T04:42:12.649371+00:00,2026-04-22T06:21:48.963758+00:00,True,2,1,0.153,0.153,False,0.0,0.153,False,0.0,0.153,False,0.0,0.153,False,0.0,0.153,False,0.0
MET/USDT,3,2026-04-22T07:22:11.10168+00:00,2026-04-22T09:41:02.319611+00:00,True,2,1,0.1476,0.1476,False,0.0,0.1476,False,0.0,0.1476,False,0.0,0.1476,False,0.0,0.1476,False,0.0
MET/USDT,4,2026-04-22T09:50:05.896001+00:00,2026-04-22T10:01:10.262115+00:00,True,2,1,0.1642,0.1642,False,0.0,0.1642,False,0.0,0.1642,False,0.0,0.1642,False,0.0,0.1642,False,0.0
MET/USDT,5,2026-04-22T10:32:21.737653+00:00,2026-04-22T10:40:24.786216+00:00,True,2,1,0.1347,0.1347,False,0.0,0.1347,False,0.0,0.1347,False,0.0,0.1347,False,0.0,0.1347,False,0.0
MET/USDT,6,2026-04-22T11:07:34.872287+00:00,2026-04-22T11:46:49.786749+00:00,True,2,1,0.1407,0.1407,False,0.0,0.1407,False,0.0,0.1407,False,0.0,0.1407,False,0.0,0.1407,False,0.0
MET/USDT,7,2026-04-22T12:43:11.047344+00:00,2026-04-22T12:46:12.962363+00:00,True,2,1,0.1673,0.1673,False,0.0,0.1673,False,0.0,0.1673,False,0.0,0.1673,False,0.0,0.1673,False,0.0
MET/USDT,8,2026-04-22T13:13:23.174161+00:00,2026-04-22T13:20:25.767712+00:00,True,2,1,0.2018,0.2018,False,0.0,0.2018,False,0.0,0.2018,False,0.0,0.2018,False,0.0,0.2018,False,0.0
MET/USDT,9,2026-04-22T13:43:34.899504+00:00,2026-04-22T14:29:52.551719+00:00,True,2,1,0.1385,0.1385,False,0.0,0.1385,False,0.0,0.1385,False,0.0,0.1385,False,0.0,0.1385,False,0.0
MET/USDT,10,2026-04-22T15:30:24.52656+00:00,2026-04-22T16:47:58.640366+00:00,True,2,1,0.1359,0.1359,False,0.0,0.1359,False,0.0,0.1359,False,0.0,0.1359,False,0.0,0.1359,False,0.0
MET/USDT,11,2026-04-22T16:58:02.299586+00:00,2026-04-22T17:48:20.448651+00:00,True,2,1,0.1472,0.1472,False,0.0,0.1472,False,0.0,0.1472,False,0.0,0.1472,False,0.0,0.1472,False,0.0
MET/USDT,12,2026-04-22T18:48:43.90116+00:00,2026-04-22T19:15:53.991786+00:00,True,2,1,0.1473,0.1473,False,0.0,0.1473,False,0.0,0.1473,False,0.0,0.1473,False,0.0,0.1473,False,0.0
MET/USDT,13,2026-04-22T19:36:01.45865+00:00,2026-04-23T00:02:20.533857+00:00,True,6,0,-1.692,-1.692,False,0.0,-1.692,False,0.0,-1.692,False,0.0,-1.692,False,0.0,-1.692,False,0.0
RUNE/USDT,0,2026-04-22T02:53:25.383443+00:00,2026-04-22T03:53:47.577452+00:00,True,2,1,0.7419,0.7419,False,0.0,0.7419,False,0.0,0.7419,False,0.0,0.7419,False,0.0,0.7419,False,0.0
RUNE/USDT,1,2026-04-22T04:54:09.470077+00:00,2026-04-22T05:46:28.243843+00:00,True,2,1,0.1278,0.1278,False,0.0,0.1278,False,0.0,0.1278,False,0.0,0.1278,False,0.0,0.1278,False,0.0
RUNE/USDT,2,2026-04-22T06:46:51.455448+00:00,2026-04-22T07:44:13.539259+00:00,True,2,1,0.1254,0.1254,False,0.0,0.1254,False,0.0,0.1254,False,0.0,0.1254,False,0.0,0.1254,False,0.0
RUNE/USDT,3,2026-04-22T08:41:35.848059+00:00,2026-04-22T09:04:44.873457+00:00,True,2,1,0.127,0.127,False,0.0,0.127,False,0.0,0.127,False,0.0,0.127,False,0.0,0.127,False,0.0
RUNE/USDT,4,2026-04-22T10:05:08.08014+00:00,2026-04-24T19:20:39.124265+00:00,True,6,2,-0.0574,0.1533,True,0.2107,-0.0574,False,-0.0,-0.0574,False,-0.0,-0.0574,False,-0.0,-0.0574,False,-0.0
STRK/USDT,0,2026-04-23T10:57:23.309249+00:00,2026-04-23T13:01:53.774671+00:00,True,2,0,-0.4319,-0.4319,False,0.0,-0.4319,False,0.0,-0.4319,False,0.0,-0.4319,False,0.0,-0.4319,False,0.0
KAT/USDT,0,2026-04-23T13:15:10.584573+00:00,2026-04-23T13:34:18.234214+00:00,True,2,0,-0.4104,-0.4104,False,0.0,-0.4104,False,0.0,-0.4104,False,0.0,-0.4104,False,0.0,-0.4104,False,0.0
KAT/USDT,1,2026-04-23T17:51:39.839286+00:00,2026-04-23T17:59:43.778088+00:00,True,2,0,-0.6507,-0.6507,False,0.0,-0.6507,False,0.0,-0.6507,False,0.0,-0.6507,False,0.0,-0.6507,False,0.0
KAT/USDT,2,2026-04-23T18:52:07.631928+00:00,2026-04-23T20:59:45.012459+00:00,True,2,1,0.8649,0.8649,False,0.0,0.8649,False,0.0,0.8649,False,0.0,0.8649,False,0.0,0.8649,False,0.0
KAT/USDT,3,2026-04-23T22:00:51.35121+00:00,2026-04-23T22:10:53.522543+00:00,True,2,1,0.1589,0.1589,False,0.0,0.1589,False,0.0,0.1589,False,0.0,0.1589,False,0.0,0.1589,False,0.0
KAT/USDT,4,2026-04-23T23:26:56.936282+00:00,2026-04-24T00:27:27.235667+00:00,True,4,2,0.6607,0.6607,True,0.0,0.6607,False,0.0,0.6607,False,0.0,0.6607,False,0.0,0.6607,False,0.0
KAT/USDT,5,2026-04-24T00:41:32.780118+00:00,2026-04-24T02:09:06.05443+00:00,True,4,2,0.2315,0.2315,True,0.0,0.2315,False,0.0,0.2315,False,0.0,0.2315,False,0.0,0.2315,False,0.0
KAT/USDT,6,2026-04-24T03:09:28.139298+00:00,2026-04-24T03:31:59.659925+00:00,True,2,1,0.3134,0.3134,False,0.0,0.3134,False,0.0,0.3134,False,0.0,0.3134,False,0.0,0.3134,False,0.0
KAT/USDT,7,2026-04-24T04:00:03.194909+00:00,2026-04-24T04:25:31.026712+00:00,True,2,1,0.1999,0.1999,False,0.0,0.1999,False,0.0,0.1999,False,0.0,0.1999,False,0.0,0.1999,False,0.0
KAT/USDT,8,2026-04-24T04:35:56.301001+00:00,2026-04-24T06:24:08.625461+00:00,True,6,1,-0.5307,-0.5307,False,0.0,-0.5307,False,0.0,-0.5307,False,0.0,-0.5307,False,0.0,-0.5307,False,0.0
GALA/USDT,0,2026-04-25T01:22:56.328487+00:00,2026-04-25T03:15:35.012622+00:00,True,2,1,0.7209,0.7209,False,0.0,0.7209,False,0.0,0.7209,False,0.0,0.7209,False,0.0,0.7209,False,0.0
GALA/USDT,1,2026-04-25T03:53:49.318319+00:00,2026-04-25T05:22:23.066447+00:00,True,4,1,0.0823,0.0823,False,0.0,0.0823,False,0.0,0.0823,False,0.0,0.0823,False,0.0,0.0823,False,0.0
D/USDT,0,2026-04-25T08:09:50.851378+00:00,2026-04-25T09:27:17.263335+00:00,True,2,1,0.7684,0.7684,False,0.0,0.7684,False,0.0,0.7684,False,0.0,0.7684,False,0.0,0.7684,False,0.0
D/USDT,1,2026-04-25T09:33:20.652643+00:00,2026-04-25T11:04:56.449819+00:00,True,4,1,0.0721,0.0721,False,0.0,0.0721,False,0.0,0.0721,False,0.0,0.0721,False,0.0,0.0721,False,0.0
APE/USDT,0,2026-04-25T11:11:24.050635+00:00,2026-04-25T12:10:46.443695+00:00,True,2,0,-0.939,-0.939,False,0.0,-0.939,False,0.0,-0.939,False,0.0,-0.939,False,0.0,-0.939,False,0.0
APE/USDT,1,2026-04-25T14:47:33.900667+00:00,2026-04-25T15:21:46.794613+00:00,True,2,0,-0.9316,-0.9316,False,0.0,-0.9316,False,0.0,-0.9316,False,0.0,-0.9316,False,0.0,-0.9316,False,0.0
APE/USDT,2,2026-04-25T18:51:15.576972+00:00,2026-04-25T21:33:13.603278+00:00,True,2,0,-1.5242,-1.5242,False,0.0,-1.5242,False,0.0,-1.5242,False,0.0,-1.5242,False,0.0,-1.5242,False,0.0
ALGO/USDT,0,2026-04-25T18:20:44.412569+00:00,2026-04-26T07:17:28.220333+00:00,True,2,1,0.2518,0.2518,False,0.0,0.2518,False,0.0,0.2518,False,0.0,0.2518,False,0.0,0.2518,False,0.0
ALGO/USDT,1,2026-04-26T08:17:51.60622+00:00,2026-04-26T08:43:00.253713+00:00,True,2,1,0.1234,0.1234,False,0.0,0.1234,False,0.0,0.1234,False,0.0,0.1234,False,0.0,0.1234,False,0.0
ALGO/USDT,2,2026-04-26T09:43:24.292642+00:00,2026-04-26T10:29:41.499977+00:00,True,2,1,0.129,0.129,False,0.0,0.129,False,0.0,0.129,False,0.0,0.129,False,0.0,0.129,False,0.0
ALGO/USDT,3,2026-04-26T11:30:03.753311+00:00,,False,5,2,0.2712,,,,,,,,,,,,,,,
LDO/USDT,0,2026-04-26T23:49:24.961315+00:00,2026-04-27T01:49:10.792678+00:00,True,2,1,0.7375,0.7375,False,0.0,0.7375,False,0.0,0.7375,False,0.0,0.7375,False,0.0,0.7375,False,0.0
LDO/USDT,1,2026-04-27T02:06:17.9043+00:00,2026-04-27T02:47:33.612789+00:00,True,2,1,0.1384,0.1384,False,0.0,0.1384,False,0.0,0.1384,False,0.0,0.1384,False,0.0,0.1384,False,0.0
LDO/USDT,2,2026-04-27T03:47:58.635665+00:00,2026-04-27T03:49:59.763135+00:00,True,2,1,0.1801,0.1801,False,0.0,0.1801,False,0.0,0.1801,False,0.0,0.1801,False,0.0,0.1801,False,0.0
LDO/USDT,3,2026-04-27T04:23:11.958514+00:00,2026-04-27T06:05:51.100574+00:00,True,6,0,-1.7721,-1.7721,False,0.0,-1.7721,False,0.0,-1.7721,False,0.0,-1.7721,False,0.0,-1.7721,False,0.0
PENGU/USDT,0,2026-04-27T06:26:07.44449+00:00,2026-04-27T09:34:15.146621+00:00,True,2,1,0.7392,0.7392,False,0.0,0.7392,False,0.0,0.7392,False,0.0,0.7392,False,0.0,0.7392,False,0.0
PENGU/USDT,1,2026-04-27T10:20:34.537161+00:00,2026-04-27T10:31:38.852349+00:00,True,2,1,0.1159,0.1159,False,0.0,0.1159,False,0.0,0.1159,False,0.0,0.1159,False,0.0,0.1159,False,0.0
PENGU/USDT,2,2026-04-27T11:05:51.676122+00:00,2026-04-27T12:30:22.151704+00:00,True,2,1,0.1379,0.1379,False,0.0,0.1379,False,0.0,0.1379,False,0.0,0.1379,False,0.0,0.1379,False,0.0
PENGU/USDT,3,2026-04-27T13:30:44.862459+00:00,2026-04-27T14:05:57.717841+00:00,True,2,1,0.123,0.123,False,0.0,0.123,False,0.0,0.123,False,0.0,0.123,False,0.0,0.123,False,0.0
PENGU/USDT,4,2026-04-27T15:06:21.822631+00:00,,False,2,0,0,,,,,,,,,,,,,,,
