symbol,date,vol7,fwd3,fwd7,fascia_tf,quart,semestre
AAVE/USDT,2025-08-09 00:00:00+00:00,31371696.19644286,0.04708061214543324,-0.039542515514832344,B ($20-100M),Q4 alto,giu-nov 2025
ACH/USDT,2026-01-15 00:00:00+00:00,5387857.827941428,0.05799648506151156,0.06678383128295251,C (<$20M),Q2,dic 2025-giu 2026
ACH/USDT,2026-05-02 00:00:00+00:00,3005270.3983957144,-0.034146341463414775,0.04756097560975614,C (<$20M),Q2,dic 2025-giu 2026
ADA/USDT,2025-10-02 00:00:00+00:00,74359773.80239572,-0.03847920974040897,-0.0636342752124971,B ($20-100M),Q4 alto,giu-nov 2025
ADA/USDT,2026-05-10 00:00:00+00:00,32885255.462037142,-0.062322946175637384,-0.10729461756373937,B ($20-100M),Q4 alto,dic 2025-giu 2026
AI/USDT,2025-09-09 00:00:00+00:00,11451907.59240714,-0.060377358490566024,-0.13899371069182398,C (<$20M),Q3,giu-nov 2025
AI/USDT,2026-05-05 00:00:00+00:00,5264534.724444286,0.026200873362445476,0.048034934497816595,C (<$20M),Q2,dic 2025-giu 2026
AIXBT/USDT,2026-04-16 00:00:00+00:00,2848972.9914800003,-0.20062695924764895,-0.12539184952978044,C (<$20M),Q1 basso,dic 2025-giu 2026
ALGO/USDT,2026-04-04 00:00:00+00:00,10561873.085971428,-0.028215767634854783,-0.10124481327800827,C (<$20M),Q3,dic 2025-giu 2026
ALICE/USDT,2025-10-14 00:00:00+00:00,32556198.575385716,-0.2885703508110148,-0.39192757450018856,B ($20-100M),Q4 alto,giu-nov 2025
ALICE/USDT,2026-04-19 00:00:00+00:00,7353099.381889858,-0.0006640106241700972,0.043824701195219085,C (<$20M),Q3,dic 2025-giu 2026
AMP/USDT,2026-01-15 00:00:00+00:00,1391182.9079934289,-0.00588235294117645,-0.0787330316742082,C (<$20M),Q1 basso,dic 2025-giu 2026
APE/USDT,2026-04-24 00:00:00+00:00,15856031.200859573,-0.20552486187845298,-0.008839779005524795,C (<$20M),Q3,dic 2025-giu 2026
API3/USDT,2026-04-20 00:00:00+00:00,6121766.8744808575,-0.04196456325769349,0.022381100404103238,C (<$20M),Q2,dic 2025-giu 2026
APT/USDT,2025-10-03 00:00:00+00:00,48770882.84001714,-0.0169365345244743,-0.318071840684906,B ($20-100M),Q4 alto,giu-nov 2025
APT/USDT,2026-05-06 00:00:00+00:00,12864617.265457142,0.07917888563049869,0.022482893450635588,C (<$20M),Q3,dic 2025-giu 2026
AR/USDT,2025-09-12 00:00:00+00:00,4373059.7594428575,-0.06648936170212771,-0.10372340425531912,C (<$20M),Q2,giu-nov 2025
AR/USDT,2026-04-23 00:00:00+00:00,5202271.652957144,0.005102040816326481,-0.020408163265306145,C (<$20M),Q2,dic 2025-giu 2026
ARB/USDT,2026-04-17 00:00:00+00:00,11326750.488772856,-0.03274942878903275,-0.01980198019801971,C (<$20M),Q3,dic 2025-giu 2026
ASTER/USDT,2026-03-15 00:00:00+00:00,12228548.568531428,-0.037552155771905404,-0.07371349095966606,C (<$20M),Q3,dic 2025-giu 2026
ASTER/USDT,2026-05-10 00:00:00+00:00,16683254.732048571,-0.05211267605633796,-0.08591549295774636,C (<$20M),Q3,dic 2025-giu 2026
ASTER/USDT,2026-05-24 00:00:00+00:00,17955363.843298573,-0.03546099290780125,0.029787234042553123,C (<$20M),Q3,dic 2025-giu 2026
AVAX/USDT,2026-05-09 00:00:00+00:00,21604135.624371428,-0.014042126379137487,-0.06820461384152476,B ($20-100M),Q3,dic 2025-giu 2026
AXL/USDT,2025-08-13 00:00:00+00:00,2545073.332807857,-0.08586810228802144,-0.15450874831763128,C (<$20M),Q1 basso,giu-nov 2025
AXL/USDT,2026-04-24 00:00:00+00:00,3728817.4993839986,-0.08943089430894302,0.11219512195121961,C (<$20M),Q2,dic 2025-giu 2026
AXS/USDT,2025-08-13 00:00:00+00:00,2573565.310237143,-0.08355387523629487,-0.11833648393194718,C (<$20M),Q1 basso,giu-nov 2025
AXS/USDT,2025-09-10 00:00:00+00:00,3441354.4862714284,0.053003533568904526,-0.009815469179426883,C (<$20M),Q2,giu-nov 2025
AXS/USDT,2026-01-17 00:00:00+00:00,24418712.53803,0.06316321374431522,0.33097524002021217,B ($20-100M),Q4 alto,dic 2025-giu 2026
AXS/USDT,2026-04-27 00:00:00+00:00,17211119.46289714,-0.04728789986091786,-0.08414464534075106,C (<$20M),Q3,dic 2025-giu 2026
BABY/USDT,2025-07-30 00:00:00+00:00,9283262.039882857,-0.034442400936298245,0.0020063534525998072,C (<$20M),Q3,giu-nov 2025
BABY/USDT,2025-09-21 00:00:00+00:00,6667389.088934286,-0.0989081567116249,-0.2329800899165061,C (<$20M),Q2,giu-nov 2025
BABY/USDT,2026-04-16 00:00:00+00:00,1392040.3362985712,-0.052005012531328276,0.0006265664160403084,C (<$20M),Q1 basso,dic 2025-giu 2026
BANANAS31/USDT,2025-12-02 00:00:00+00:00,20648917.006399434,-0.06603538499875405,-0.16346872663842504,B ($20-100M),Q3,dic 2025-giu 2026
BANANAS31/USDT,2025-12-31 00:00:00+00:00,2887500.83245129,0.04154764996104898,0.08179693586081549,C (<$20M),Q2,dic 2025-giu 2026
BANANAS31/USDT,2026-02-09 00:00:00+00:00,5616760.376696861,-0.018817204301075252,0.07728494623655902,C (<$20M),Q2,dic 2025-giu 2026
BB/USDT,2026-05-03 00:00:00+00:00,3570591.692908571,-0.041297935103244754,-0.008849557522123908,C (<$20M),Q2,dic 2025-giu 2026
BCH/USDT,2025-12-02 00:00:00+00:00,53775412.281014286,0.02622409682743454,0.07280396112231813,B ($20-100M),Q4 alto,dic 2025-giu 2026
BFUSD/USDT,2025-10-11 00:00:00+00:00,11409182.658342857,-0.0003000300030002734,-0.00020002000200014525,C (<$20M),Q3,giu-nov 2025
BFUSD/USDT,2025-12-30 00:00:00+00:00,13538090.615128571,-0.00010003000900271619,0.0,C (<$20M),Q3,dic 2025-giu 2026
BFUSD/USDT,2026-02-06 00:00:00+00:00,17947029.330185715,0.0,-0.0003000300030002734,C (<$20M),Q3,dic 2025-giu 2026
BFUSD/USDT,2026-04-07 00:00:00+00:00,1814606.054685712,-0.00010005002501256577,-0.00010005002501256577,C (<$20M),Q1 basso,dic 2025-giu 2026
BIO/USDT,2026-04-18 00:00:00+00:00,26135666.417189993,-0.11953352769679293,-0.12536443148688048,B ($20-100M),Q4 alto,dic 2025-giu 2026
BNB/USDT,2026-01-14 00:00:00+00:00,136212338.85936,-0.0014233449661033015,-0.06864740055036012,A (>$100M),Q4 alto,dic 2025-giu 2026
BNB/USDT,2026-05-10 00:00:00+00:00,97497621.15558001,0.012252279406224087,-0.021204129304498442,B ($20-100M),Q4 alto,dic 2025-giu 2026
BONK/USDT,2025-09-18 00:00:00+00:00,50250565.660444655,-0.1159936658749009,-0.2545526524148851,B ($20-100M),Q4 alto,giu-nov 2025
BONK/USDT,2026-01-14 00:00:00+00:00,21818202.483276993,-0.05802357207615583,-0.16772438803263823,B ($20-100M),Q3,dic 2025-giu 2026
BONK/USDT,2026-05-05 00:00:00+00:00,4801677.352824321,0.10615384615384627,0.08923076923076922,C (<$20M),Q2,dic 2025-giu 2026
BROCCOLI714/USDT,2025-09-21 00:00:00+00:00,14756753.85207286,-0.1775020231993526,-0.24143512274076073,C (<$20M),Q3,giu-nov 2025
BROCCOLI714/USDT,2025-10-05 00:00:00+00:00,4553526.398512857,0.4580152671755724,-0.07919847328244278,C (<$20M),Q2,giu-nov 2025
BROCCOLI714/USDT,2026-01-04 00:00:00+00:00,40650628.07134999,-0.0166204986149584,-0.027700831024930705,B ($20-100M),Q4 alto,dic 2025-giu 2026
BROCCOLI714/USDT,2026-04-16 00:00:00+00:00,5906522.484231428,-0.20625000000000004,-0.17954545454545456,C (<$20M),Q2,dic 2025-giu 2026
BTC/USDT,2025-09-16 00:00:00+00:00,1405016039.0056455,-0.009903162079703431,-0.041015520645102055,A (>$100M),Q4 alto,giu-nov 2025
BTC/USDT,2025-10-02 00:00:00+00:00,1591317208.695488,0.02449992470713558,0.009400614870983537,A (>$100M),Q4 alto,giu-nov 2025
BTC/USDT,2026-01-17 00:00:00+00:00,1413386697.365781,-0.07062813978719629,-0.062244548663620836,A (>$100M),Q4 alto,dic 2025-giu 2026
BTC/USDT,2026-04-15 00:00:00+00:00,1284618625.4170954,0.011786794785027865,0.04502393330088661,A (>$100M),Q4 alto,dic 2025-giu 2026
CFX/USDT,2026-03-20 00:00:00+00:00,5337913.649534285,-0.06339657565941692,-0.1129106894956039,C (<$20M),Q2,dic 2025-giu 2026
CFX/USDT,2026-04-17 00:00:00+00:00,3257634.8653771426,-0.0867078825347759,-0.048377125193199255,C (<$20M),Q2,dic 2025-giu 2026
CHZ/USDT,2025-09-09 00:00:00+00:00,2025013.4710014288,0.029585798816567976,-0.011360946745562206,C (<$20M),Q1 basso,giu-nov 2025
CHZ/USDT,2025-10-01 00:00:00+00:00,3769384.835862857,-0.005390835579514808,-0.04514824797843664,C (<$20M),Q2,giu-nov 2025
CHZ/USDT,2025-12-21 00:00:00+00:00,7265912.6316557145,-0.03424468378900847,0.0019331676332505765,C (<$20M),Q3,dic 2025-giu 2026
CHZ/USDT,2026-04-11 00:00:00+00:00,2496625.497245714,-0.074262461851475,0.028738555442522795,C (<$20M),Q1 basso,dic 2025-giu 2026
CHZ/USDT,2026-04-16 00:00:00+00:00,5053111.142625714,-0.056643356643356735,0.17249417249417243,C (<$20M),Q2,dic 2025-giu 2026
D/USDT,2025-09-14 00:00:00+00:00,3408977.547645714,-0.013547138512579382,-0.02598838816698934,C (<$20M),Q2,giu-nov 2025
D/USDT,2026-04-04 00:00:00+00:00,14847814.431232858,-0.4175405147759771,-0.5786463298379408,C (<$20M),Q3,dic 2025-giu 2026
DASH/USDT,2025-10-01 00:00:00+00:00,6050635.585884286,0.09638168427793792,0.06083893691962872,C (<$20M),Q2,giu-nov 2025
DASH/USDT,2026-01-15 00:00:00+00:00,86496758.71613571,-0.023014105419450592,-0.22333580796832453,B ($20-100M),Q4 alto,dic 2025-giu 2026
DASH/USDT,2026-04-13 00:00:00+00:00,26185147.377325714,-0.10705654905751572,-0.1727887868535526,B ($20-100M),Q4 alto,dic 2025-giu 2026
DASH/USDT,2026-05-01 00:00:00+00:00,5361967.721938572,0.2616896918172158,0.33528161530286926,C (<$20M),Q2,dic 2025-giu 2026
DEXE/USDT,2025-09-20 00:00:00+00:00,6910554.361054285,-0.023029581099860974,-0.07762557077625576,C (<$20M),Q2,giu-nov 2025
DEXE/USDT,2026-03-02 00:00:00+00:00,1842338.9634971428,-0.039221064179923104,0.27125617114646183,C (<$20M),Q1 basso,dic 2025-giu 2026
DOGE/USDT,2026-04-29 00:00:00+00:00,111294036.7328,0.042563412759415664,0.08041890853189848,A (>$100M),Q4 alto,dic 2025-giu 2026
DOGS/USDT,2025-08-10 00:00:00+00:00,1892673.8677671428,-0.006622516556291536,-0.09139072847682128,C (<$20M),Q1 basso,giu-nov 2025
DOGS/USDT,2026-04-17 00:00:00+00:00,1442761.4227806714,0.018292682926829285,0.0,C (<$20M),Q1 basso,dic 2025-giu 2026
DOT/USDT,2025-08-09 00:00:00+00:00,22228524.490754284,0.004591590140164303,-0.04156597390043493,B ($20-100M),Q3,giu-nov 2025
DOT/USDT,2025-09-09 00:00:00+00:00,23766980.135615714,0.04323671497584547,0.02729468599033824,B ($20-100M),Q4 alto,giu-nov 2025
DYDX/USDT,2025-09-10 00:00:00+00:00,4102188.012518286,0.04844778927563498,0.04092191909689569,C (<$20M),Q2,giu-nov 2025
DYDX/USDT,2026-04-17 00:00:00+00:00,4065008.7448729994,-0.033295063145809434,0.17106773823191723,C (<$20M),Q2,dic 2025-giu 2026
DYM/USDT,2026-05-24 00:00:00+00:00,4098720.391958572,-0.14885496183206104,-0.22519083969465659,C (<$20M),Q2,dic 2025-giu 2026
EDU/USDT,2025-08-25 00:00:00+00:00,2965582.418785714,0.010460251046025215,-0.09623430962343105,C (<$20M),Q2,giu-nov 2025
EDU/USDT,2025-09-19 00:00:00+00:00,2552274.361871429,0.04205274411974336,-0.07483962936564514,C (<$20M),Q1 basso,giu-nov 2025
EDU/USDT,2025-10-03 00:00:00+00:00,3888349.6194714285,-0.006934812760055475,-0.35644937586685166,C (<$20M),Q2,giu-nov 2025
EDU/USDT,2025-10-15 00:00:00+00:00,6492187.739600001,0.045810729355033164,0.10307414104882473,C (<$20M),Q2,giu-nov 2025
EDU/USDT,2026-01-05 00:00:00+00:00,933236.5558142861,-0.07664009809932548,0.026977314530962637,C (<$20M),Q1 basso,dic 2025-giu 2026
EDU/USDT,2026-02-03 00:00:00+00:00,1654887.2345142863,-0.13161057692307698,-0.16826923076923073,C (<$20M),Q1 basso,dic 2025-giu 2026
EIGEN/USDT,2025-08-12 00:00:00+00:00,13758804.727768572,-0.03711634546752318,-0.10349750178443973,C (<$20M),Q3,giu-nov 2025
EIGEN/USDT,2025-09-09 00:00:00+00:00,18176515.947875716,0.09649749821300935,0.0950679056468906,C (<$20M),Q3,giu-nov 2025
EIGEN/USDT,2026-05-09 00:00:00+00:00,6117831.269536143,0.0037664783427495685,-0.10969868173258013,C (<$20M),Q2,dic 2025-giu 2026
ENA/USDT,2026-05-07 00:00:00+00:00,20098800.076370716,0.10535117056856191,0.010033444816053505,B ($20-100M),Q3,dic 2025-giu 2026
ENJ/USDT,2025-08-13 00:00:00+00:00,2383827.443842857,-0.10913705583756339,-0.11040609137055835,C (<$20M),Q1 basso,giu-nov 2025
ENJ/USDT,2026-04-09 00:00:00+00:00,10096176.62044257,0.28972278566599075,1.5564570655848549,C (<$20M),Q3,dic 2025-giu 2026
ENSO/USDT,2026-01-25 00:00:00+00:00,24172892.34440427,-0.014598540145985384,-0.11678832116788329,B ($20-100M),Q4 alto,dic 2025-giu 2026
ETH/USDT,2026-01-15 00:00:00+00:00,992836421.4054421,-0.010443879964684766,-0.11028447971940736,A (>$100M),Q4 alto,dic 2025-giu 2026
ETH/USDT,2026-04-14 00:00:00+00:00,755738003.0200937,0.04157696216048645,0.002023733659427096,A (>$100M),Q4 alto,dic 2025-giu 2026
EUR/USDT,2025-12-07 00:00:00+00:00,20952247.804432858,0.005156854318865589,0.00807907176622269,B ($20-100M),Q3,dic 2025-giu 2026
EUR/USDT,2026-01-23 00:00:00+00:00,15241057.719381427,0.004224043254203114,0.0023654642223538414,C (<$20M),Q3,dic 2025-giu 2026
EUR/USDT,2026-04-14 00:00:00+00:00,23893521.477291428,-0.002798507462686617,-0.004324966078697479,B ($20-100M),Q4 alto,dic 2025-giu 2026
FET/USDT,2026-01-13 00:00:00+00:00,16737271.214407146,-0.04870572207084478,-0.2098092643051771,C (<$20M),Q3,dic 2025-giu 2026
FET/USDT,2026-03-19 00:00:00+00:00,24392444.358957145,-0.03200000000000003,0.1392941176470588,B ($20-100M),Q4 alto,dic 2025-giu 2026
FET/USDT,2026-05-08 00:00:00+00:00,12472959.568160003,0.005130397605814574,-0.12997007268063276,C (<$20M),Q3,dic 2025-giu 2026
FET/USDT,2026-05-27 00:00:00+00:00,23573428.845401432,0.14897119341563791,0.04567901234567895,B ($20-100M),Q4 alto,dic 2025-giu 2026
FIL/USDT,2025-08-10 00:00:00+00:00,13144221.744875714,0.04233409610983996,-0.024027459954233277,C (<$20M),Q3,giu-nov 2025
FIL/USDT,2025-09-16 00:00:00+00:00,17027860.65107,-0.04264475743348983,-0.12441314553990612,C (<$20M),Q3,giu-nov 2025
FIL/USDT,2025-11-09 00:00:00+00:00,179713767.8073371,-0.21028037383177567,-0.29547088425593104,A (>$100M),Q4 alto,giu-nov 2025
FIL/USDT,2026-05-06 00:00:00+00:00,16180511.952917144,0.07623318385650224,-0.0609865470852019,C (<$20M),Q3,dic 2025-giu 2026
GALA/USDT,2025-08-08 00:00:00+00:00,8853880.50808,-0.01707891637220249,-0.024734982332155542,C (<$20M),Q3,giu-nov 2025
GALA/USDT,2025-09-11 00:00:00+00:00,9867128.832891429,-0.006833712984054552,0.04328018223234631,C (<$20M),Q3,giu-nov 2025
GALA/USDT,2026-05-08 00:00:00+00:00,10206378.211541427,-0.0576923076923076,-0.15865384615384603,C (<$20M),Q3,dic 2025-giu 2026
GIGGLE/USDT,2026-04-16 00:00:00+00:00,32688182.91869,-0.18205260443527593,-0.06291903042805569,B ($20-100M),Q4 alto,dic 2025-giu 2026
GLMR/USDT,2025-08-13 00:00:00+00:00,1221280.5007600002,-0.030864197530864224,-0.062962962962963,C (<$20M),Q1 basso,giu-nov 2025
GLMR/USDT,2026-04-22 00:00:00+00:00,3408130.2885785713,0.34507042253521103,0.18309859154929553,C (<$20M),Q2,dic 2025-giu 2026
HBAR/USDT,2025-09-13 00:00:00+00:00,30542328.46322143,-0.04081879356892448,-0.025023169601482875,B ($20-100M),Q4 alto,giu-nov 2025
HBAR/USDT,2026-05-12 00:00:00+00:00,10619509.668818567,-0.010548748002131125,-0.056366542354821525,C (<$20M),Q3,dic 2025-giu 2026
HBAR/USDT,2026-05-31 00:00:00+00:00,31811224.688924283,-0.11739130434782608,-0.15165631469979302,B ($20-100M),Q4 alto,dic 2025-giu 2026
HEMI/USDT,2026-05-11 00:00:00+00:00,1503984.764157714,-0.04927211646136631,-0.1220604703247481,C (<$20M),Q1 basso,dic 2025-giu 2026
HIGH/USDT,2025-08-24 00:00:00+00:00,1202469.1455394286,-0.053264604810996374,-0.11340206185567003,C (<$20M),Q1 basso,giu-nov 2025
HIGH/USDT,2026-04-18 00:00:00+00:00,18275642.33711,-0.06687898089171984,-0.33439490445859876,C (<$20M),Q3,dic 2025-giu 2026
HIVE/USDT,2026-05-08 00:00:00+00:00,3774580.213585715,-0.005917159763313529,-0.09467455621301768,C (<$20M),Q2,dic 2025-giu 2026
HMSTR/USDT,2026-05-04 00:00:00+00:00,563112.6419246857,0.23241061130334462,0.06055363321799301,C (<$20M),Q1 basso,dic 2025-giu 2026
HMSTR/USDT,2026-05-29 00:00:00+00:00,2379235.588297014,0.02967898243488798,-0.029073288915808626,C (<$20M),Q1 basso,dic 2025-giu 2026
HUMA/USDT,2025-09-28 00:00:00+00:00,12946888.02191143,-0.018156028368794153,0.008510638297872353,C (<$20M),Q3,giu-nov 2025
HUMA/USDT,2025-12-08 00:00:00+00:00,1874639.4591342858,-0.08142403947832211,0.06379978850898826,C (<$20M),Q1 basso,dic 2025-giu 2026
HUMA/USDT,2026-04-18 00:00:00+00:00,2291305.909271429,0.056847545219638196,0.3281653746770026,C (<$20M),Q1 basso,dic 2025-giu 2026
HYPER/USDT,2026-04-23 00:00:00+00:00,662493.6402971428,0.30905306971904256,0.2882414151925077,C (<$20M),Q1 basso,dic 2025-giu 2026
ICP/USDT,2025-11-06 00:00:00+00:00,120810623.73504142,0.12570747691391104,-0.1270479594876378,A (>$100M),Q4 alto,giu-nov 2025
ICP/USDT,2026-01-18 00:00:00+00:00,46972106.775278576,-0.06853182751540043,-0.16991786447638602,B ($20-100M),Q4 alto,dic 2025-giu 2026
ICP/USDT,2026-05-06 00:00:00+00:00,10212711.592678571,0.10406249999999995,-0.05125000000000002,C (<$20M),Q3,dic 2025-giu 2026
INJ/USDT,2025-09-11 00:00:00+00:00,11084265.297771428,-0.009148486980999349,0.03589021815622795,C (<$20M),Q3,giu-nov 2025
INJ/USDT,2026-04-24 00:00:00+00:00,2803168.2638428574,0.04489795918367334,0.06326530612244885,C (<$20M),Q1 basso,dic 2025-giu 2026
IO/USDT,2026-04-23 00:00:00+00:00,1718105.3113327143,0.01069078947368407,-0.046052631578947345,C (<$20M),Q1 basso,dic 2025-giu 2026
JTO/USDT,2025-08-30 00:00:00+00:00,6956979.792771429,-0.01446280991735538,-0.07231404958677679,C (<$20M),Q2,giu-nov 2025
JTO/USDT,2025-09-02 00:00:00+00:00,6345650.941157143,-0.03563941299790352,-0.002620545073375169,C (<$20M),Q2,giu-nov 2025
JTO/USDT,2025-09-12 00:00:00+00:00,6145867.9838000005,-0.09890109890109877,-0.07092907092907075,C (<$20M),Q2,giu-nov 2025
JTO/USDT,2026-04-16 00:00:00+00:00,1670827.639867143,-0.0958984951313071,0.023310711124225447,C (<$20M),Q1 basso,dic 2025-giu 2026
JUP/USDT,2025-08-28 00:00:00+00:00,11289001.856914286,-0.07269973494888293,-0.09541840212040897,C (<$20M),Q3,giu-nov 2025
JUP/USDT,2025-09-09 00:00:00+00:00,6745487.861181429,0.05853381322220108,-0.020458420155332502,C (<$20M),Q2,giu-nov 2025
JUP/USDT,2026-04-17 00:00:00+00:00,2191631.6810185714,-0.08599242833964305,-0.06165494862087628,C (<$20M),Q1 basso,dic 2025-giu 2026
KAVA/USDT,2026-04-25 00:00:00+00:00,1063544.7195161427,-0.04051000645577785,-0.010329244673983218,C (<$20M),Q1 basso,dic 2025-giu 2026
KITE/USDT,2026-05-13 00:00:00+00:00,10654091.207619999,0.042377009254749076,0.13395031660983925,C (<$20M),Q3,dic 2025-giu 2026
KNC/USDT,2026-05-03 00:00:00+00:00,2591854.3202257133,-0.10119047619047628,-0.04880952380952386,C (<$20M),Q1 basso,dic 2025-giu 2026
KSM/USDT,2025-08-12 00:00:00+00:00,1990106.8353471428,-0.06544996853366902,-0.12208936438011331,C (<$20M),Q1 basso,giu-nov 2025
KSM/USDT,2025-08-22 00:00:00+00:00,1569636.6532471427,-0.09339975093399744,-0.07222914072229136,C (<$20M),Q1 basso,giu-nov 2025
KSM/USDT,2026-04-27 00:00:00+00:00,768546.6953285715,-0.004201680672268782,0.0126050420168069,C (<$20M),Q1 basso,dic 2025-giu 2026
LDO/USDT,2025-10-06 00:00:00+00:00,23050904.252131857,-0.07292747147530532,-0.18479214872735983,B ($20-100M),Q4 alto,giu-nov 2025
LDO/USDT,2026-04-16 00:00:00+00:00,5677796.895944429,-0.17902930402930417,-0.11126373626373631,C (<$20M),Q2,dic 2025-giu 2026
LINEA/USDT,2026-05-01 00:00:00+00:00,4043932.648330857,-0.020470262793914284,0.1961272475795297,C (<$20M),Q2,dic 2025-giu 2026
LINK/USDT,2026-04-26 00:00:00+00:00,17171000.771557145,-0.03902953586497904,-0.03691983122362863,C (<$20M),Q3,dic 2025-giu 2026
LINK/USDT,2026-05-05 00:00:00+00:00,22500872.17027143,0.05942622950819665,0.05327868852459017,B ($20-100M),Q4 alto,dic 2025-giu 2026
LPT/USDT,2025-08-30 00:00:00+00:00,24846060.22697143,-0.0536193029490617,-0.019895583462678168,B ($20-100M),Q4 alto,giu-nov 2025
LPT/USDT,2026-05-10 00:00:00+00:00,1449723.0780557136,-0.08082077051926306,-0.14321608040201006,C (<$20M),Q1 basso,dic 2025-giu 2026
LTC/USDT,2025-10-04 00:00:00+00:00,59287360.197751425,-0.02987303958177756,-0.22545846817691473,B ($20-100M),Q4 alto,giu-nov 2025
LTC/USDT,2026-05-08 00:00:00+00:00,17065307.09935,0.003429355281207247,-0.014060356652949246,C (<$20M),Q3,dic 2025-giu 2026
LUMIA/USDT,2026-04-10 00:00:00+00:00,447536.2000361421,0.0946969696969695,0.3737373737373735,C (<$20M),Q1 basso,dic 2025-giu 2026
LUNA/USDT,2025-12-09 00:00:00+00:00,30254612.83145257,0.15462610899873264,-0.17046894803548795,B ($20-100M),Q4 alto,dic 2025-giu 2026
LUNA/USDT,2026-04-29 00:00:00+00:00,3815075.623182857,0.1708463949843262,0.11442006269592486,C (<$20M),Q2,dic 2025-giu 2026
LUNC/USDT,2025-08-23 00:00:00+00:00,2757082.1629440733,-0.04738194667523299,-0.05300353356890464,C (<$20M),Q1 basso,giu-nov 2025
LUNC/USDT,2025-09-17 00:00:00+00:00,2514185.30614763,-0.02144026186579362,-0.09214402618657924,C (<$20M),Q1 basso,giu-nov 2025
LUNC/USDT,2025-12-09 00:00:00+00:00,80751799.66204159,-0.24747310074991857,-0.32751874796217806,B ($20-100M),Q4 alto,dic 2025-giu 2026
LUNC/USDT,2025-12-31 00:00:00+00:00,6454898.367955168,0.05124555160142341,0.030130486358244335,C (<$20M),Q2,dic 2025-giu 2026
LUNC/USDT,2026-03-01 00:00:00+00:00,7319301.711324701,0.05421262614409761,-0.02511147617930065,C (<$20M),Q3,dic 2025-giu 2026
LUNC/USDT,2026-04-14 00:00:00+00:00,2466638.6554984143,0.12762836185819082,0.09951100244498767,C (<$20M),Q1 basso,dic 2025-giu 2026
MASK/USDT,2026-04-23 00:00:00+00:00,1113184.4133142855,0.07633587786259532,-0.04770992366412219,C (<$20M),Q1 basso,dic 2025-giu 2026
MOVR/USDT,2025-08-04 00:00:00+00:00,1326625.2812565714,0.014732070584426049,0.07252711672332857,C (<$20M),Q1 basso,giu-nov 2025
MOVR/USDT,2025-08-08 00:00:00+00:00,2103002.513233286,-0.02415672411253489,-0.04522020916187941,C (<$20M),Q1 basso,giu-nov 2025
MOVR/USDT,2026-04-17 00:00:00+00:00,14002832.879419286,-0.3303632625085675,-0.24708704592186426,C (<$20M),Q3,dic 2025-giu 2026
MUBARAK/USDT,2025-09-21 00:00:00+00:00,18372644.18159743,-0.21545610173636598,-0.25409635607728054,C (<$20M),Q3,giu-nov 2025
MUBARAK/USDT,2025-10-08 00:00:00+00:00,12976115.48025657,-0.425378693816737,-0.34963993046933195,C (<$20M),Q3,giu-nov 2025
MUBARAK/USDT,2026-01-09 00:00:00+00:00,4960869.278085572,0.06324701195219129,0.08565737051792821,C (<$20M),Q2,dic 2025-giu 2026
MUBARAK/USDT,2026-05-03 00:00:00+00:00,1483402.2472345715,0.07039473684210518,0.06052631578947354,C (<$20M),Q1 basso,dic 2025-giu 2026
NEAR/USDT,2025-09-12 00:00:00+00:00,26388328.058657143,-0.05945558739255008,0.1174785100286535,B ($20-100M),Q4 alto,giu-nov 2025
NEAR/USDT,2026-03-16 00:00:00+00:00,27727545.64067143,-0.10402684563758391,-0.12013422818791952,B ($20-100M),Q4 alto,dic 2025-giu 2026
NEAR/USDT,2026-04-10 00:00:00+00:00,18012574.28332857,0.04261572373254974,0.033798677443056535,C (<$20M),Q3,dic 2025-giu 2026
NEIRO/USDT,2026-04-17 00:00:00+00:00,16254078.51655008,-0.1717191472716605,-0.1463915509485625,C (<$20M),Q3,dic 2025-giu 2026
NFP/USDT,2025-08-22 00:00:00+00:00,745092.6676857143,-0.1384615384615384,-0.04195804195804176,C (<$20M),Q1 basso,giu-nov 2025
NFP/USDT,2025-08-28 00:00:00+00:00,2469732.3402714287,-0.11702127659574468,-0.19680851063829785,C (<$20M),Q1 basso,giu-nov 2025
NFP/USDT,2025-09-13 00:00:00+00:00,1796126.3801285715,-0.043126684636118684,-0.052560646900269514,C (<$20M),Q1 basso,giu-nov 2025
NIL/USDT,2025-09-17 00:00:00+00:00,1343891.7432728573,0.0012210012210012167,-0.04548229548229554,C (<$20M),Q1 basso,giu-nov 2025
NIL/USDT,2025-10-02 00:00:00+00:00,1763128.191,-0.022488317757009324,0.058703271028037296,C (<$20M),Q1 basso,giu-nov 2025
NIL/USDT,2026-05-07 00:00:00+00:00,8057046.234646286,-0.3130952380952381,-0.41742424242424236,C (<$20M),Q3,dic 2025-giu 2026
NOM/USDT,2026-04-07 00:00:00+00:00,23291485.467539996,-0.052969502407704705,-0.4735152487961477,B ($20-100M),Q4 alto,dic 2025-giu 2026
NOT/USDT,2026-04-24 00:00:00+00:00,592614.6076462857,-0.06018518518518512,-0.1157407407407407,C (<$20M),Q1 basso,dic 2025-giu 2026
ONDO/USDT,2025-09-10 00:00:00+00:00,26586706.70752857,0.06593084586833364,0.04160968939245935,B ($20-100M),Q4 alto,giu-nov 2025
ONDO/USDT,2026-05-04 00:00:00+00:00,8321657.921592857,0.1222151495862509,0.3647358370464673,C (<$20M),Q3,dic 2025-giu 2026
OP/USDT,2026-05-08 00:00:00+00:00,9135103.914184714,-0.08614668218859145,-0.2043073341094297,C (<$20M),Q3,dic 2025-giu 2026
OPEN/USDT,2026-03-28 00:00:00+00:00,2689323.0852142856,-0.0318318318318318,-0.007207207207207245,C (<$20M),Q1 basso,dic 2025-giu 2026
OPEN/USDT,2026-04-04 00:00:00+00:00,681570.8328585714,0.06473079249848745,0.14095583787053845,C (<$20M),Q1 basso,dic 2025-giu 2026
ORCA/USDT,2025-08-08 00:00:00+00:00,5283031.570504286,-0.12413073713490952,-0.17002781641168285,C (<$20M),Q2,giu-nov 2025
ORCA/USDT,2026-04-25 00:00:00+00:00,3133306.39863,0.4676258992805753,0.8776978417266186,C (<$20M),Q2,dic 2025-giu 2026
ORDI/USDT,2025-09-12 00:00:00+00:00,8942073.159872858,-0.08204829793424495,-0.04577635534865676,C (<$20M),Q3,giu-nov 2025
ORDI/USDT,2026-01-13 00:00:00+00:00,3800123.1813728577,-0.06074936340487458,-0.2515460167333575,C (<$20M),Q2,dic 2025-giu 2026
ORDI/USDT,2026-04-16 00:00:00+00:00,34050705.685344286,-0.5063395163183846,-0.46266729279173524,B ($20-100M),Q4 alto,dic 2025-giu 2026
PARTI/USDT,2025-12-02 00:00:00+00:00,10919482.940705715,-0.1266375545851528,-0.19359534206695783,C (<$20M),Q3,dic 2025-giu 2026
PARTI/USDT,2026-02-14 00:00:00+00:00,1839795.207957143,-0.022893772893772923,-0.05769230769230771,C (<$20M),Q1 basso,dic 2025-giu 2026
PAXG/USDT,2025-08-04 00:00:00+00:00,10769862.190119144,0.0046956418758883345,-0.009441615348176224,C (<$20M),Q3,giu-nov 2025
PAXG/USDT,2025-08-27 00:00:00+00:00,5899644.671394571,0.022108612618143786,0.05524791753989278,C (<$20M),Q2,giu-nov 2025
PENDLE/USDT,2026-04-26 00:00:00+00:00,3191355.3593571424,-0.01421091997008217,0.18773373223635015,C (<$20M),Q2,dic 2025-giu 2026
PENGU/USDT,2026-04-22 00:00:00+00:00,17522586.346700285,0.04815760671287861,0.17973975434756184,C (<$20M),Q3,dic 2025-giu 2026
PEPE/USDT,2025-08-10 00:00:00+00:00,128076469.05895779,0.014913007456503813,-0.07870753935376962,A (>$100M),Q4 alto,giu-nov 2025
PEPE/USDT,2025-08-12 00:00:00+00:00,154379147.52262306,-0.10955518945634268,-0.15897858319604619,A (>$100M),Q4 alto,giu-nov 2025
PEPE/USDT,2026-01-05 00:00:00+00:00,123514143.41963914,-0.13142857142857134,-0.17999999999999994,A (>$100M),Q4 alto,dic 2025-giu 2026
PEPE/USDT,2026-04-23 00:00:00+00:00,43959555.13378961,0.020942408376963373,0.015706806282722585,B ($20-100M),Q4 alto,dic 2025-giu 2026
PLUME/USDT,2026-04-22 00:00:00+00:00,5971015.728765713,0.06926751592356672,-0.06130573248407645,C (<$20M),Q2,dic 2025-giu 2026
PNUT/USDT,2025-09-17 00:00:00+00:00,21832968.9673,-0.07964601769911517,-0.17776067718353217,B ($20-100M),Q3,giu-nov 2025
PNUT/USDT,2026-04-17 00:00:00+00:00,10868872.720391428,-0.11764705882352944,-0.1811145510835913,C (<$20M),Q3,dic 2025-giu 2026
POL/USDT,2026-01-12 00:00:00+00:00,30844461.487944283,-0.011258278145695466,-0.09735099337748343,B ($20-100M),Q4 alto,dic 2025-giu 2026
POL/USDT,2026-05-07 00:00:00+00:00,3211860.094884286,0.058763931104356626,-0.041540020263424404,C (<$20M),Q2,dic 2025-giu 2026
PSG/USDT,2025-08-07 00:00:00+00:00,1839415.6657542854,0.1594703511801956,0.061600460564191106,C (<$20M),Q1 basso,giu-nov 2025
PSG/USDT,2026-03-20 00:00:00+00:00,1502978.1956299997,0.0,-0.025445292620865145,C (<$20M),Q1 basso,dic 2025-giu 2026
PSG/USDT,2026-05-06 00:00:00+00:00,1614181.336255714,0.03253796095444672,0.04121475054229928,C (<$20M),Q1 basso,dic 2025-giu 2026
PUMP/USDT,2026-01-28 00:00:00+00:00,34061331.115370855,-0.1217362924281985,-0.2597911227154046,B ($20-100M),Q4 alto,dic 2025-giu 2026
PUMP/USDT,2026-05-08 00:00:00+00:00,7201609.0150935715,-0.027790643816581584,-0.16813339509031955,C (<$20M),Q2,dic 2025-giu 2026
QI/USDT,2025-08-23 00:00:00+00:00,702667.7257557142,-0.06200527704485492,-0.05672823218997358,C (<$20M),Q1 basso,giu-nov 2025
QI/USDT,2025-08-28 00:00:00+00:00,692176.5415,-0.06896551724137923,-0.0557029177718833,C (<$20M),Q1 basso,giu-nov 2025
QI/USDT,2025-09-03 00:00:00+00:00,571757.2115928571,-0.013513513513513598,0.006756756756756799,C (<$20M),Q1 basso,giu-nov 2025
QI/USDT,2025-09-05 00:00:00+00:00,519880.97765142855,-0.020408163265306145,0.029931972789115635,C (<$20M),Q1 basso,giu-nov 2025
QI/USDT,2026-05-07 00:00:00+00:00,1185082.273767143,0.06557377049180313,-0.005464480874316946,C (<$20M),Q1 basso,dic 2025-giu 2026
RAY/USDT,2026-04-24 00:00:00+00:00,1013209.8425285721,0.1285500747384154,0.2451420029895366,C (<$20M),Q1 basso,dic 2025-giu 2026
RED/USDT,2026-05-10 00:00:00+00:00,1548767.9795542862,-0.10952689565780949,-0.18600129617628003,C (<$20M),Q1 basso,dic 2025-giu 2026
REZ/USDT,2025-10-06 00:00:00+00:00,5162690.259055287,0.1253521126760564,-0.09647887323943671,C (<$20M),Q2,giu-nov 2025
REZ/USDT,2026-04-10 00:00:00+00:00,2599530.161207857,-0.02393617021276595,0.09042553191489366,C (<$20M),Q1 basso,dic 2025-giu 2026
SAHARA/USDT,2025-09-03 00:00:00+00:00,4345377.42464,0.0008623477417268877,0.0011857281448743873,C (<$20M),Q2,giu-nov 2025
SAHARA/USDT,2025-11-27 00:00:00+00:00,2214099.33436,-0.4878283923837069,-0.5118100747167993,C (<$20M),Q1 basso,giu-nov 2025
SAHARA/USDT,2026-03-11 00:00:00+00:00,3768421.3844128572,0.06462442299622317,0.03105329416701652,C (<$20M),Q2,dic 2025-giu 2026
SAHARA/USDT,2026-05-04 00:00:00+00:00,1730366.2703442858,0.06394389438943882,0.5020627062706269,C (<$20M),Q1 basso,dic 2025-giu 2026
SAND/USDT,2025-09-10 00:00:00+00:00,4123289.559814286,0.09400000000000008,0.03433333333333355,C (<$20M),Q2,giu-nov 2025
SAPIEN/USDT,2026-04-22 00:00:00+00:00,4175108.297332857,0.06060606060606055,0.0,C (<$20M),Q2,dic 2025-giu 2026
SEI/USDT,2025-09-10 00:00:00+00:00,33739266.055892855,0.07298814722395508,0.03431066749844036,B ($20-100M),Q4 alto,giu-nov 2025
SEI/USDT,2026-05-10 00:00:00+00:00,9993291.062243002,-0.11931443638760719,-0.192748846407383,C (<$20M),Q3,dic 2025-giu 2026
SHIB/USDT,2025-09-13 00:00:00+00:00,27607338.227870364,-0.07907627711686505,-0.09517144856543036,B ($20-100M),Q4 alto,giu-nov 2025
SHIB/USDT,2026-01-16 00:00:00+00:00,9193066.2377113,-0.049065420560747586,-0.07827102803738306,C (<$20M),Q3,dic 2025-giu 2026
SHIB/USDT,2026-04-28 00:00:00+00:00,4674773.517100366,0.022838499184339334,0.03588907014681908,C (<$20M),Q2,dic 2025-giu 2026
SLP/USDT,2026-01-23 00:00:00+00:00,5601802.299465286,-0.1322992700729927,-0.26368613138686126,C (<$20M),Q2,dic 2025-giu 2026
SLP/USDT,2026-04-21 00:00:00+00:00,590703.2870012857,0.01943198804185342,0.0717488789237668,C (<$20M),Q1 basso,dic 2025-giu 2026
SOL/USDT,2026-05-10 00:00:00+00:00,247797679.05792856,-0.05493935938633765,-0.11640924639784389,A (>$100M),Q4 alto,dic 2025-giu 2026
SOLV/USDT,2025-08-20 00:00:00+00:00,3249493.8015914285,-0.015642458100558643,-0.027932960893854775,C (<$20M),Q2,giu-nov 2025
SOLV/USDT,2025-08-22 00:00:00+00:00,2065800.422527143,-0.06321334503950837,-0.06409130816505715,C (<$20M),Q1 basso,giu-nov 2025
SOLV/USDT,2025-09-07 00:00:00+00:00,2887988.4875657144,-0.11708457288567786,-0.11453463663408414,C (<$20M),Q2,giu-nov 2025
SOLV/USDT,2025-09-27 00:00:00+00:00,5143846.272384286,-0.14388349514563104,-0.14466019417475728,C (<$20M),Q2,giu-nov 2025
SOLV/USDT,2026-05-12 00:00:00+00:00,3381091.115952856,-0.16730769230769238,-0.20192307692307687,C (<$20M),Q2,dic 2025-giu 2026
SOMI/USDT,2026-05-05 00:00:00+00:00,876419.0172414286,0.08105206655931285,0.016639828234031206,C (<$20M),Q1 basso,dic 2025-giu 2026
SPELL/USDT,2025-08-06 00:00:00+00:00,4552413.9513145285,-0.08845166809238647,-0.08639863130881087,C (<$20M),Q2,giu-nov 2025
SPELL/USDT,2025-08-23 00:00:00+00:00,2745203.1839622,-0.1162910717357647,-0.15430930672630305,C (<$20M),Q1 basso,giu-nov 2025
SPELL/USDT,2026-05-11 00:00:00+00:00,333787.09074238566,-0.07003257328990231,-0.12649294245385445,C (<$20M),Q1 basso,dic 2025-giu 2026
SPK/USDT,2026-03-18 00:00:00+00:00,2524876.4643390006,-0.022311923349893514,-0.06693577004968065,C (<$20M),Q1 basso,dic 2025-giu 2026
SPK/USDT,2026-04-17 00:00:00+00:00,1245946.0671294294,0.1466976155307027,0.8451572061616375,C (<$20M),Q1 basso,dic 2025-giu 2026
STEEM/USDT,2026-03-16 00:00:00+00:00,1311258.581395143,-0.055546959616277425,-0.07210273866625416,C (<$20M),Q1 basso,dic 2025-giu 2026
STO/USDT,2025-09-16 00:00:00+00:00,3445430.527632857,-0.029835390946502005,-0.08230452674897115,C (<$20M),Q2,giu-nov 2025
STO/USDT,2025-10-03 00:00:00+00:00,1854600.1407071427,0.4698795180722892,1.0328587075575024,C (<$20M),Q1 basso,giu-nov 2025
STO/USDT,2026-03-19 00:00:00+00:00,1750882.7492257145,-0.1577287066246057,0.04416403785488954,C (<$20M),Q1 basso,dic 2025-giu 2026
STORJ/USDT,2026-04-23 00:00:00+00:00,258364.79094285713,0.024024024024023927,-0.041041041041041115,C (<$20M),Q1 basso,dic 2025-giu 2026
STORJ/USDT,2026-05-06 00:00:00+00:00,3175976.7119857147,0.004336513443191636,-0.08065915004336521,C (<$20M),Q2,dic 2025-giu 2026
STRK/USDT,2025-08-12 00:00:00+00:00,5532823.856277429,-0.055157593123209225,-0.07306590257879664,C (<$20M),Q2,giu-nov 2025
STRK/USDT,2025-09-13 00:00:00+00:00,5153705.100555143,-0.019579405366207503,-0.058738216098622176,C (<$20M),Q2,giu-nov 2025
STRK/USDT,2025-10-01 00:00:00+00:00,12066336.424763143,-0.07363121460037769,0.02769037130270613,C (<$20M),Q3,giu-nov 2025
STRK/USDT,2025-11-11 00:00:00+00:00,55228752.47708158,0.1737931034482758,0.4117241379310346,B ($20-100M),Q4 alto,giu-nov 2025
STRK/USDT,2026-05-07 00:00:00+00:00,5043745.680451571,0.13232104121475063,0.00867678958785234,C (<$20M),Q2,dic 2025-giu 2026
STX/USDT,2026-01-10 00:00:00+00:00,5581796.592831428,0.022233712512926607,-0.06359875904860379,C (<$20M),Q2,dic 2025-giu 2026
STX/USDT,2026-05-09 00:00:00+00:00,5212091.760424286,0.02229780801209369,-0.10015117157974296,C (<$20M),Q2,dic 2025-giu 2026
SUI/USDT,2025-09-13 00:00:00+00:00,119526879.48899,-0.056178891626907146,-0.0412625176951712,A (>$100M),Q4 alto,giu-nov 2025
SUI/USDT,2026-01-14 00:00:00+00:00,80619465.18872428,-0.03594171613599573,-0.1846195358877496,B ($20-100M),Q4 alto,dic 2025-giu 2026
SUI/USDT,2026-05-09 00:00:00+00:00,40743739.83298,0.15705876856955991,-0.00868915257404479,B ($20-100M),Q4 alto,dic 2025-giu 2026
TAO/USDT,2025-10-13 00:00:00+00:00,77363546.10399714,-0.1533303531515422,-0.05498435404559676,B ($20-100M),Q4 alto,giu-nov 2025
TAO/USDT,2026-03-15 00:00:00+00:00,46227401.36444286,-0.03568904593639588,-0.07491166077738509,B ($20-100M),Q4 alto,dic 2025-giu 2026
TAO/USDT,2026-05-02 00:00:00+00:00,23567917.640374284,0.01881533101045285,0.07212543554006956,B ($20-100M),Q4 alto,dic 2025-giu 2026
TON/USDT,2026-01-11 00:00:00+00:00,10550694.550231429,0.006285714285714228,-0.04800000000000004,C (<$20M),Q3,dic 2025-giu 2026
TON/USDT,2026-04-16 00:00:00+00:00,13770754.886445714,-0.101813110181311,-0.07112970711297062,C (<$20M),Q3,dic 2025-giu 2026
TON/USDT,2026-04-30 00:00:00+00:00,71199027.6187057,0.012724550898203457,1.0314371257485027,B ($20-100M),Q4 alto,dic 2025-giu 2026
TON/USDT,2026-05-02 00:00:00+00:00,68927227.78878286,0.4534623976172747,0.812360387192852,B ($20-100M),Q4 alto,dic 2025-giu 2026
TRB/USDT,2026-04-16 00:00:00+00:00,3517315.291762857,-0.23506825938566556,-0.2103242320819112,C (<$20M),Q2,dic 2025-giu 2026
TREE/USDT,2026-04-26 00:00:00+00:00,2947493.0512357163,-0.061813186813186816,-0.04532967032967028,C (<$20M),Q2,dic 2025-giu 2026
TRUMP/USDT,2025-11-10 00:00:00+00:00,103967814.51657785,-0.18352861649391616,-0.2202568724650743,A (>$100M),Q4 alto,giu-nov 2025
TRX/USDT,2026-01-07 00:00:00+00:00,50292982.994061425,0.014424689701442617,0.022140221402214166,B ($20-100M),Q4 alto,dic 2025-giu 2026
TRX/USDT,2026-03-14 00:00:00+00:00,33814421.57539714,0.030221625251846795,0.04801880456682328,B ($20-100M),Q4 alto,dic 2025-giu 2026
TST/USDT,2025-09-18 00:00:00+00:00,50201058.38000943,-0.168586387434555,-0.3495287958115183,B ($20-100M),Q4 alto,giu-nov 2025
TST/USDT,2026-04-17 00:00:00+00:00,7841882.751908004,-0.26206434316353877,-0.2499999999999999,C (<$20M),Q3,dic 2025-giu 2026
TURTLE/USDT,2026-04-24 00:00:00+00:00,759393.3343371429,0.2500000000000002,0.0237068965517242,C (<$20M),Q1 basso,dic 2025-giu 2026
TUT/USDT,2026-04-20 00:00:00+00:00,2401589.1421685712,-0.0027100271002710175,-0.04426377597109299,C (<$20M),Q1 basso,dic 2025-giu 2026
UNI/USDT,2026-05-11 00:00:00+00:00,21616147.77308857,-0.041827046445984006,-0.09032589171157301,B ($20-100M),Q3,dic 2025-giu 2026
USTC/USDT,2025-12-10 00:00:00+00:00,23002937.70927429,-0.268755935422602,-0.3409306742640076,B ($20-100M),Q4 alto,dic 2025-giu 2026
USTC/USDT,2026-04-20 00:00:00+00:00,915084.4126942847,0.08778625954198471,0.1564885496183206,C (<$20M),Q1 basso,dic 2025-giu 2026
VANA/USDT,2025-09-24 00:00:00+00:00,11380283.508450001,-0.16043866774979687,-0.20288383428107237,C (<$20M),Q3,giu-nov 2025
VANA/USDT,2026-05-01 00:00:00+00:00,8493316.55908,0.0006729475100943905,0.10497981157469716,C (<$20M),Q3,dic 2025-giu 2026
VIRTUAL/USDT,2025-10-29 00:00:00+00:00,75716028.81607,0.20965826626203965,-0.0862250956590579,B ($20-100M),Q4 alto,giu-nov 2025
VIRTUAL/USDT,2026-01-10 00:00:00+00:00,30532158.66298143,0.004871060171919961,-0.09531996179560642,B ($20-100M),Q4 alto,dic 2025-giu 2026
VIRTUAL/USDT,2026-03-17 00:00:00+00:00,11042021.16338857,-0.09854294478527603,-0.07131901840490795,C (<$20M),Q3,dic 2025-giu 2026
VIRTUAL/USDT,2026-04-25 00:00:00+00:00,4514189.393217144,-0.01258401258401265,0.07278707278707275,C (<$20M),Q2,dic 2025-giu 2026
W/USDT,2025-08-29 00:00:00+00:00,18125442.859890003,-0.07928994082840246,-0.07692307692307698,C (<$20M),Q3,giu-nov 2025
W/USDT,2025-09-09 00:00:00+00:00,6080671.241388572,0.10655737704918034,0.04800936768149877,C (<$20M),Q2,giu-nov 2025
WCT/USDT,2026-04-26 00:00:00+00:00,1806646.4120114285,-0.009273570324574765,-0.037094281298299725,C (<$20M),Q1 basso,dic 2025-giu 2026
WIF/USDT,2025-09-18 00:00:00+00:00,34724573.22825143,-0.08272251308900525,-0.2366492146596858,B ($20-100M),Q4 alto,giu-nov 2025
WIF/USDT,2026-05-08 00:00:00+00:00,9092195.229292857,0.026666666666666616,-0.08888888888888902,C (<$20M),Q3,dic 2025-giu 2026
WLD/USDT,2025-09-08 00:00:00+00:00,114948768.65219998,0.052832590706556326,-0.03755569700827499,A (>$100M),Q4 alto,giu-nov 2025
WLD/USDT,2026-05-26 00:00:00+00:00,42298037.68589856,-0.22837370242214527,0.018631887143997883,B ($20-100M),Q4 alto,dic 2025-giu 2026
WLFI/USDT,2026-01-04 00:00:00+00:00,15669657.924965715,-0.01345816266822697,-0.02750146284376831,C (<$20M),Q3,dic 2025-giu 2026
XLM/USDT,2025-09-17 00:00:00+00:00,24986212.385414284,-0.023520485584218487,-0.052604957005564,B ($20-100M),Q4 alto,giu-nov 2025
XLM/USDT,2025-10-04 00:00:00+00:00,24047211.552185718,-0.02590147282884714,-0.17978669375317413,B ($20-100M),Q4 alto,giu-nov 2025
XLM/USDT,2026-04-23 00:00:00+00:00,9319615.534171429,-0.02678062678062665,-0.09800569800569803,C (<$20M),Q3,dic 2025-giu 2026
XLM/USDT,2026-05-29 00:00:00+00:00,62103321.3113,-0.06355932203389825,-0.21687211093990755,B ($20-100M),Q4 alto,dic 2025-giu 2026
XPL/USDT,2026-04-07 00:00:00+00:00,20576988.227175713,0.0007680491551458335,0.02841781874039917,B ($20-100M),Q3,dic 2025-giu 2026
XRP/USDT,2025-09-10 00:00:00+00:00,270895358.0771843,0.045552054702688194,0.033753435677414956,A (>$100M),Q4 alto,giu-nov 2025
XRP/USDT,2025-10-04 00:00:00+00:00,319386481.58770853,-0.03924541013980132,-0.19760821963954867,A (>$100M),Q4 alto,giu-nov 2025
XRP/USDT,2026-05-11 00:00:00+00:00,132463415.85271145,0.005143475906876027,-0.059285327558202594,A (>$100M),Q4 alto,dic 2025-giu 2026
XUSD/USDT,2025-10-25 00:00:00+00:00,11870473.0089,0.00010002000400088917,0.0005001000200040018,C (<$20M),Q3,giu-nov 2025
XUSD/USDT,2025-12-18 00:00:00+00:00,12490856.4816,0.00019994001799461536,0.000299910026991812,C (<$20M),Q3,dic 2025-giu 2026
XUSD/USDT,2026-05-08 00:00:00+00:00,9723454.278714286,-0.000699580251848797,-9.994003597835199e-05,C (<$20M),Q3,dic 2025-giu 2026
XVG/USDT,2025-10-03 00:00:00+00:00,10780749.759287715,-0.0654871605848385,-0.32891018552647755,C (<$20M),Q3,giu-nov 2025
XVG/USDT,2025-11-02 00:00:00+00:00,6720720.382908857,0.11370303114960167,0.07962005866741162,C (<$20M),Q2,giu-nov 2025
XVG/USDT,2026-01-13 00:00:00+00:00,3222107.7586325714,-0.007615286983500225,-0.055422366379918264,C (<$20M),Q2,dic 2025-giu 2026
ZAMA/USDT,2026-04-13 00:00:00+00:00,5168765.292214294,0.2229495571813629,0.057758952637658956,C (<$20M),Q2,dic 2025-giu 2026
ZBT/USDT,2026-04-02 00:00:00+00:00,5957564.662199983,-0.06591337099811678,0.044256120527306875,C (<$20M),Q2,dic 2025-giu 2026
ZEC/USDT,2025-09-05 00:00:00+00:00,2039783.2409514284,0.23260340632603405,0.2104622871046229,C (<$20M),Q1 basso,giu-nov 2025
ZEC/USDT,2026-04-09 00:00:00+00:00,86291315.15084144,-0.012026835387804136,-0.07229737100469069,B ($20-100M),Q4 alto,dic 2025-giu 2026
ZEN/USDT,2025-10-03 00:00:00+00:00,20199725.21603143,0.019045625784847253,0.2018627040602763,B ($20-100M),Q3,giu-nov 2025
ZEN/USDT,2026-01-16 00:00:00+00:00,38121019.44292285,-0.12548430457816084,-0.19814975883608765,B ($20-100M),Q4 alto,dic 2025-giu 2026
ZEN/USDT,2026-04-26 00:00:00+00:00,3667400.8123171427,-0.06313379129865881,0.16077854105332023,C (<$20M),Q2,dic 2025-giu 2026
ZEN/USDT,2026-05-01 00:00:00+00:00,2271905.3682585717,0.1348837209302325,0.15653568564554932,C (<$20M),Q1 basso,dic 2025-giu 2026
ZK/USDT,2025-11-06 00:00:00+00:00,115870944.28627415,-0.19445641246589107,-0.3242855091196323,A (>$100M),Q4 alto,giu-nov 2025
ZK/USDT,2026-05-11 00:00:00+00:00,4439329.274990134,-0.03991484832357639,-0.18946248004257582,C (<$20M),Q2,dic 2025-giu 2026
ZKP/USDT,2026-05-04 00:00:00+00:00,3331803.5912671434,0.003504672897196359,-0.004672897196261627,C (<$20M),Q2,dic 2025-giu 2026
